<?xml version="1.0" encoding="UTF-8"?>
<!DOCTYPE mapper PUBLIC "-//mybatis.org//DTD Mapper 3.0//EN" "http://mybatis.org/dtd/mybatis-3-mapper.dtd">
<mapper namespace="com.atguigu.cloud.mapper.OrderMapper">
  <resultMap id="BaseResultMap" type="com.atguigu.cloud.entities.Order">
    <!--
      WARNING - @mbg.generated
    -->
    <id column="id" jdbcType="BIGINT" property="id" />
    <result column="user_id" jdbcType="BIGINT" property="userId" />
    <result column="product_id" jdbcType="BIGINT" property="productId" />
    <result column="count" jdbcType="INTEGER" property="count" />
    <result column="money" jdbcType="DECIMAL" property="money" />
    <result column="status" jdbcType="INTEGER" property="status" />
  </resultMap>
</mapper>